"method","prob","SE","df","asymp.LCL","asymp.UCL"
"association_score.datatypes.affected_pathway",0.0245136065222541,0.000237971307636805,NA,0.0240514917832085,0.0249843728299085
"association_score.datatypes.animal_model",0.0413247050294146,0.000307318925412224,NA,0.0407265538357352,0.0419312572665098
"association_score.datatypes.genetic_association",0.0585476452243274,0.000363581856129359,NA,0.057839091637323,0.0592643328960194
"association_score.datatypes.literature",0.194753601249312,0.000621753184490285,NA,0.193537877133533,0.195975106279612
"association_score.datatypes.rna_expression",0.040190969358491,0.000303189400939791,NA,0.0396009201261121,0.040789436863837
"association_score.datatypes.somatic_mutation",0.0240876125656741,0.000235924555930424,NA,0.0236295121930135,0.0245543706864133
