"method","prob","SE","df","asymp.LCL","asymp.UCL"
"association_score.datatypes.affected_pathway",0.049259407231803,0.000340543499950357,NA,0.0485962256481448,0.0499311641296488
"association_score.datatypes.animal_model",0.0664162971927864,0.000392511475686049,NA,0.0656511149842594,0.0671897564850604
"association_score.datatypes.genetic_association",0.0870759063603358,0.000445248227858811,NA,0.086207182538274,0.087952541855404
"association_score.datatypes.literature",0.289916667019601,0.000723195079138419,NA,0.288501283627066,0.291336150976908
"association_score.datatypes.rna_expression",0.0706290802307502,0.000404013137652724,NA,0.0698413189424501,0.0714250446240164
"association_score.datatypes.somatic_mutation",0.0488347855447727,0.000339133185838804,NA,0.048174371667204,0.0495037820525437
