"method","prob","SE","df","asymp.LCL","asymp.UCL"
"association_score.datatypes.affected_pathway",0.500220111512558,0.00055762539000628,Inf,0.499127186520246,0.501313034401514
"association_score.datatypes.animal_model",0.50967776713262,0.000557520789422557,Inf,0.508585001964051,0.510770439821829
"association_score.datatypes.genetic_association",0.52244012927835,0.000557062464217974,Inf,0.521348201426219,0.52353184269651
"association_score.datatypes.literature",0.697305576203202,0.000512287459320398,Inf,0.696300569844498,0.698308697766684
"association_score.datatypes.rna_expression",0.517152011895957,0.000557296616470747,Inf,0.516059650383524,0.518244209506473
"association_score.datatypes.somatic_mutation",0.499990369138346,0.000557625443463644,Inf,0.498897445138954,0.50108329322977
