"method","prob","SE","df","asymp.LCL","asymp.UCL"
"association_score.datatypes.affected_pathway",0.0492594072318031,0.000340543499950358,Inf,0.0485962256481448,0.0499311641296489
"association_score.datatypes.animal_model",0.0664162971927864,0.000392511475686049,Inf,0.0656511149842595,0.0671897564850604
"association_score.datatypes.genetic_association",0.0870759063603359,0.000445248227858811,Inf,0.0862071825382741,0.0879525418554042
"association_score.datatypes.literature",0.289916667019601,0.000723195079138416,Inf,0.288501283627066,0.291336150976908
"association_score.datatypes.rna_expression",0.0706290802307502,0.000404013137652724,Inf,0.0698413189424502,0.0714250446240164
"association_score.datatypes.somatic_mutation",0.0488347855447728,0.000339133185838804,Inf,0.0481743716672041,0.0495037820525438
