"method","prob","SE","df","asymp.LCL","asymp.UCL"
"association_score.datatypes.affected_pathway",0.049259407231803,0.000340543499950357,NA,0.0485962256481447,0.0499311641296488
"association_score.datatypes.animal_model",0.0664162971927863,0.000392511475686049,NA,0.0656511149842593,0.0671897564850603
"association_score.datatypes.genetic_association",0.0870759063603357,0.000445248227858811,NA,0.0862071825382739,0.087952541855404
"association_score.datatypes.literature",0.2899166670196,0.00072319507913842,NA,0.288501283627065,0.291336150976908
"association_score.datatypes.rna_expression",0.0706290802307501,0.000404013137652724,NA,0.06984131894245,0.0714250446240163
"association_score.datatypes.somatic_mutation",0.0488347855447726,0.000339133185838804,NA,0.048174371667204,0.0495037820525437
