"method","prob","SE","df","asymp.LCL","asymp.UCL"
"association_score.datatypes.affected_pathway",0.010508572097275,9.44374566187311e-05,Inf,0.0103250817317271,0.0106952880896701
"association_score.datatypes.animal_model",0.0185881450866177,0.000125373417476228,Inf,0.0183440045481066,0.0188354725488033
"association_score.datatypes.genetic_association",0.0201289727222421,0.000130418287528585,Inf,0.0198749409549037,0.0203861838649534
"association_score.datatypes.literature",0.0529406563858373,0.000209526356077324,Inf,0.05253149280502,0.0533528274492764
"association_score.datatypes.rna_expression",0.0136209822445253,0.000107444862876407,Inf,0.0134119917080162,0.0138331836865528
"association_score.datatypes.somatic_mutation",0.0104085081725734,9.3988707897545e-05,Inf,0.0102258975238165,0.0105943449159661
