"method","rate","SE","df","asymp.LCL","asymp.UCL"
"association_score.datatypes.affected_pathway",1.51276970709854,0.0128204412846725,NA,1.48784964211655,1.53810715944356
"association_score.datatypes.animal_model",1.96182018533434,0.0146173302948131,NA,1.93337892086029,1.99067983935229
"association_score.datatypes.genetic_association",2.21848972009997,0.0155548519162942,NA,2.1882112932958,2.2491871115318
"association_score.datatypes.literature",7.04827924176775,0.0280798804200147,NA,6.99345799820171,7.10353022534893
"association_score.datatypes.rna_expression",1.68755128481439,0.0135472027744796,NA,1.6612070496259,1.71431329979008
"association_score.datatypes.somatic_mutation",1.50423668140409,0.0127839354131123,NA,1.47938815375929,1.52950257708347
