"method","rate","SE","df","asymp.LCL","asymp.UCL"
"association_score.datatypes.affected_pathway",0.191999225276988,0.00465346335951829,NA,0.183091845167073,0.201339947572898
"association_score.datatypes.animal_model",0.665453494641242,0.00872306834931138,NA,0.648574353618616,0.68277191513903
"association_score.datatypes.genetic_association",0.943840386318209,0.0104302572908734,NA,0.923617257745959,0.964506311867042
"association_score.datatypes.literature",1.71423428148957,0.0142105657030351,NA,1.68660712975884,1.74231397459717
"association_score.datatypes.rna_expression",0.392435869688155,0.00667235908029693,NA,0.379573785331173,0.40573379345344
"association_score.datatypes.somatic_mutation",0.182698888274587,0.00453873745694363,NA,0.174016224740421,0.191814779492896
